<Module>
  <Name value="Storage Village"/>
  <Id value="StorageVillage"/>
  <Version value="e1.0.0"/>
  <SingleplayerModule value="true"/>
  <MultiplayerModule value="false"/>
  <DependedModules>
    <DependedModule Id="Native" />
    <DependedModule Id="SandBoxCore" />
    <DependedModule Id="Sandbox" />
    <DependedModule Id="StoryMode" />
  </DependedModules>
  <SubModules>
    <SubModule>
      <Name value="StorageVillage"/>
      <DLLName value="StorageVillage.dll"/>
      <SubModuleClassType value="StorageVillage.Main"/>
      <Tags>
        <Tag key="DedicatedServerType" value="none" />
        <Tag key="IsNoRenderModeElement" value="false" />
      </Tags>
    </SubModule>
  </SubModules>
  <Xmls>
    <XmlNode>                
      <XmlName id="NPCCharacters" path="UnitUpgrade"/>
      <IncludedGameTypes>
        <GameType value = "Campaign"/>
        <GameType value = "CampaignStoryMode"/>
        <GameType value = "CustomGame"/>
      </IncludedGameTypes>
    </XmlNode>  
  </Xmls>
</Module>
